artist,title,release_date,genres
Drake & 21 Savage,Rich Flex,2022-11-22,{}
Taylor Swift,Anti-Hero,2022-10-21,{pop}
Mariah Carey,All I Want For Christmas Is You,2019-11-01,"{""dance pop"",pop,""urban contemporary""}"
Drake & 21 Savage,Spin Bout U,2022-11-15,{}
OFFICIAL HIGE DANDISM,Subtitle,2022-10-12,"{anime,""anime rock"",j-pop}"
Drake & 21 Savage,On BS,2022-11-08,{}
Chris Brown,Under the Influence,2019-10-04,"{""dance pop"",pop,r&b}"
Drake & 21 Savage,Circo Loco,2022-11-08,{}
Sam Smith & Kim Petras,Unholy,2022-02-15,{}
Drake & 21 Savage,Major Distribution,2022-11-04,"{""canadian hip hop"",""canadian pop"",""hip hop"",rap,""toronto rap""}"
Drake & 21 Savage,Pussy & Millions (feat. Travis Scott),2022-11-04,"{""canadian hip hop"",""canadian pop"",""hip hop"",rap,""toronto rap""}"
Drake,BackOutsideBoyz,2022-11-04,"{""canadian hip hop"",""canadian pop"",""hip hop"",rap,""toronto rap""}"
Drake & 21 Savage,Privileged Rappers,2022-11-15,{}
Drake & 21 Savage,Hours In Silence,2022-11-04,"{""canadian hip hop"",""canadian pop"",""hip hop"",rap,""toronto rap""}"
Kenshi Yonezu,KICK BACK,2022-10-12,"{anime,j-pop}"
Steve Lacy,Bad Habit,2022-06-29,{afrofuturism}
Drake & 21 Savage,Broke Boys,2022-11-04,"{""canadian hip hop"",""canadian pop"",""hip hop"",rap,""toronto rap""}"
Quavo & Takeoff,HOTEL LOBBY (Unc & Phew),2022-10-07,"{""atl hip hop"",""hip hop"",""melodic rap"",rap,""southern hip hop"",trap}"
Drake,Jumbotron Shit Poppin,2022-11-04,"{""canadian hip hop"",""canadian pop"",""hip hop"",rap,""toronto rap""}"
Lil Uzi Vert,Just Wanna Rock,2022-10-17,"{""melodic rap"",""philly rap"",rap,trap}"
Drake,Jimmy Cooks (feat. 21 Savage),2022-06-17,"{""canadian hip hop"",""canadian pop"",""hip hop"",rap,""toronto rap""}"
Taylor Swift,Bejeweled,2022-10-21,{pop}
The Weeknd,Die For You,2016-11-25,"{""canadian contemporary r&b"",""canadian pop"",pop}"
Bad Bunny,Tití Me Preguntó,2022-05-06,"{reggaeton,""trap latino""}"
Taylor Swift,Lavender Haze,2022-10-21,{pop}
Lil Baby,Freestyle,2017-12-01,"{""atl hip hop"",""atl trap"",rap,trap}"
Harry Styles,As It Was,2022-03-31,{pop}
Lil Baby,California Breeze,2022-10-14,"{""atl hip hop"",""atl trap"",rap,trap}"
Future,WAIT FOR U (feat. Drake & Tems),2022-04-29,"{""atl hip hop"",""hip hop"",rap,""southern hip hop"",trap}"
Beyoncé,CUFF IT,2022-07-29,"{""dance pop"",pop,r&b}"
Meghan Trainor,Made You Look,2022-10-21,"{""dance pop"",""hip pop"",pop,""post-teen pop""}"
Michael Bublé,It's Beginning To Look a Lot Like Christmas,2011-10-14,"{""adult standards"",""canadian pop"",""jazz pop"",lounge}"
Bobby Helms,Jingle Bell Rock,1957-12-02,"{""adult standards""}"
Rihanna,Lift Me Up (From Black Panther: Wakanda Forever - Music From and Inspired By),2022-10-28,"{""barbadian pop"",""dance pop"",pop,""urban contemporary""}"
GloRilla & Cardi B,Tomorrow 2,2022-09-29,{}
Drake & 21 Savage,Treacherous Twins,2022-11-04,"{""canadian hip hop"",""canadian pop"",""hip hop"",rap,""toronto rap""}"
Ariana Grande,Santa Tell Me,2014-11-24,"{""dance pop"",pop}"
Lil Baby,In A Minute,2022-04-07,"{""atl hip hop"",""atl trap"",rap,trap}"
Kelly Clarkson,Underneath the Tree,2013-10-29,"{""dance pop"",pop,""post-teen pop"",""talent show""}"
David Guetta & Bebe Rexha,I'm Good (Blue),2022-11-25,{}
Taylor Swift,Snow On The Beach (feat. Lana Del Rey),2022-10-21,{pop}
Lil Baby,Heyy,2022-10-14,"{""atl hip hop"",""atl trap"",rap,trap}"
OneRepublic,I Ain't Worried,2022-05-13,"{""piano rock"",pop}"
Drake & 21 Savage,More M’s,2022-11-04,"{""canadian hip hop"",""canadian pop"",""hip hop"",rap,""toronto rap""}"
Bad Bunny & Chencho Corleone,Me Porto Bonito,2022-11-08,{karaoke}
Taylor Swift,Maroon,2022-10-21,{pop}
SZA,Shirt,2022-10-28,"{pop,r&b,rap}"
Andy Williams,It's the Most Wonderful Time of the Year,1963-11-24,"{""adult standards"",""brill building pop"",""easy listening""}"
Taylor Swift,Midnight Rain,2022-10-21,{pop}
Drake,Middle of the Ocean,2022-11-04,"{""canadian hip hop"",""canadian pop"",""hip hop"",rap,""toronto rap""}"
LE SSERAFIM,ANTIFRAGILE,2022-10-17,{}
natori,Overdose,2022-10-27,{}
Taylor Swift,"You're On Your Own, Kid",2022-10-21,{pop}
Zach Bryan,Something in the Orange,2022-04-22,"{""oklahoma country""}"
Lil Baby,Forever (feat. Fridayy),2022-10-14,"{""atl hip hop"",""atl trap"",rap,trap}"
JVKE,golden hour,2022-09-23,"{""modern indie pop"",pop}"
Taylor Swift,Karma,2022-10-21,{pop}
Ado,New Genesis (UTA from ONE PIECE FILM RED),2022-06-23,{}
Lil Baby & Young Thug,Never Hating,2022-10-14,"{""atl hip hop"",""atl trap"",rap,trap}"
Taylor Swift,Question...?,2022-10-22,{pop}
The Kid LAROI & Justin Bieber,STAY,2021-10-01,{}
Taylor Swift,Vigilante Shit,2022-10-21,{pop}
Morgan Wallen,You Proof,2022-05-13,"{""contemporary country"",country}"
OFFICIAL HIGE DANDISM,Mixed Nuts,2022-04-15,"{anime,""anime rock"",j-pop}"
Tani Yuuki,W / X / Y,2021-12-08,"{j-pop,""japanese teen pop""}"
Justin Bieber,Mistletoe,2011-01-01,"{""canadian pop"",pop}"
Bad Bunny,Moscow Mule,2022-05-06,"{reggaeton,""trap latino""}"
Rod Wave,Break My Heart,2022-11-10,"{""florida rap""}"
Wham!,Last Christmas (Single Version),2013-01-01,{}
The Weeknd,Blinding Lights,2020-03-20,"{""canadian contemporary r&b"",""canadian pop"",pop}"
Brenda Lee,Rockin' Around the Christmas Tree (Single),1999-01-01,"{""adult standards"",""brill building pop"",""vocal jazz""}"
Tom Odell,Another Love,2013-06-24,"{""chill pop"",pop}"
Dean Martin,Let It Snow! Let It Snow! Let It Snow!,1959-01-01,"{""adult standards"",""easy listening"",lounge}"
Brent Faiyaz,ALL MINE,2022-07-08,"{""dmv rap"",""hip hop"",pop,r&b,rap}"
The Weeknd,Starboy (feat. Daft Punk),2017-01-27,{}
The Neighbourhood,Sweater Weather,2013-04-19,"{""modern alternative rock"",""modern rock"",pop,""shimmer pop""}"
Drake,I Guess It’s F**k Me,2022-11-04,"{""canadian hip hop"",""canadian pop"",""hip hop"",rap,""toronto rap""}"
Bad Bunny,Efecto,2022-05-06,"{reggaeton,""trap latino""}"
Burl Ives,A Holly Jolly Christmas (Single Version),1965-10-01,"{""adult standards"",""american folk revival""}"
Sam DeRosa,Pill for This,2019-09-04,{}
Lil Baby,Real Spill,2022-10-14,"{""atl hip hop"",""atl trap"",rap,trap}"
Darlene Love,Christmas (Baby Please Come Home),1963,{}
RADWIMPS,Suzume (feat. Toaka),2022-09-30,"{j-pop,j-rock,""japanese emo"",""visual kei""}"
Bailey Zimmerman,Rock and a Hard Place,2022-06-10,"{""contemporary country""}"
J. Cole,No Role Modelz,2014-12-09,"{""conscious hip hop"",""hip hop"",""north carolina hip hop"",rap}"
Lil Baby,Sum 2 Prove,2020-02-28,"{""atl hip hop"",""atl trap"",rap,trap}"
Burna Boy,Alone,2022-11-11,"{""barbadian pop"",""dance pop"",pop,""urban contemporary""}"
Summer Walker,Karma,2018-10-19,"{pop,r&b,rap}"
Drake,Nonstop,2018-06-29,"{""canadian hip hop"",""canadian pop"",""hip hop"",rap,""toronto rap""}"
Future,Mask Off,2017-06-30,"{""atl hip hop"",""hip hop"",rap,""southern hip hop"",trap}"
Burna Boy,Last Last,2022-07-07,"{""afro dancehall"",dancehall,""nigerian hip hop"",""nigerian pop""}"
Drake,God's Plan,2018-06-29,"{""canadian hip hop"",""canadian pop"",""hip hop"",rap,""toronto rap""}"
Taylor Swift,Mastermind,2022-10-22,{pop}
Chris Brown,No Guidance (feat. Drake),2019-06-28,"{""dance pop"",pop,r&b}"
Luke Combs,The Kind of Love We Make,2022-06-17,"{""contemporary country"",country}"
Ed Sheeran,Perfect,2017-03-03,"{pop,""uk pop""}"
YOASOBI,The Blessing,2022-11-18,"{j-pop,""japanese teen pop""}"
Jung Kook,Dreamers (Music from the FiFA World Cup Qatar 2022 Official Soundtrack),2022-11-20,{k-pop}
Future,Solo,2017-07-27,"{""atl hip hop"",""hip hop"",rap,""southern hip hop"",trap}"
Tani Yuuki,Mouichido,2022-09-21,"{j-pop,""japanese teen pop""}"
Rod Wave,Got It Right,2022-11-18,"{""florida rap""}"
Quavo & Takeoff,HOTEL LOBBY (Unc & Phew),2022-10-07,"{""atl hip hop"",""hip hop"",""melodic rap"",rap,""southern hip hop"",trap}"
Future,PUFFIN ON ZOOTIEZ,2022-04-29,"{""atl hip hop"",""hip hop"",rap,""southern hip hop"",trap}"
Nas & 21 Savage,"One Mic, One Gun",,
Roddy Ricch,Stop Breathing,2022-09-30,"{""melodic rap"",rap,trap}"
Lil Baby,In A Minute,2022-04-07,"{""atl hip hop"",""atl trap"",rap,trap}"
Quavo & Takeoff,Nothing Changed,2022-10-17,{}
Gunna,25k jacket (feat. Lil Baby),2022-01-13,"{""atl hip hop"",""hip hop"",""melodic rap"",rap,trap}"
Lil Baby,Detox,2022-09-02,"{""atl hip hop"",""atl trap"",rap,trap}"
Kodak Black,300 Blackout,2022-10-28,"{""florida rap"",""hip hop"",""melodic rap"",""miami hip hop"",rap,trap}"
Roddy Ricch,Twin (feat. Lil Durk),2022-11-14,"{""melodic rap"",rap,trap}"
Lil Baby,From Now On (feat. Future),2022-10-14,"{""atl hip hop"",""atl trap"",rap,trap}"
Young Dolph,Get Away,2022-11-17,"{""gangster rap"",""hip hop"",""memphis hip hop"",""pop rap"",rap,""southern hip hop"",""tennessee hip hop"",trap}"
Future,LIKE ME (feat. 42 Dugg & Lil Baby),2022-05-02,"{""atl hip hop"",""hip hop"",rap,""southern hip hop"",trap}"
SleazyWorld Go,Sleazy Flow (feat. Lil Baby) [Remix],2022-11-11,{}
Key Glock,Jigsaw,2022-11-17,"{""hip hop"",""memphis hip hop"",rap,""southern hip hop"",""tennessee hip hop"",trap}"
NAV & Lil Baby,Never Sleep (feat. Travis Scott),2022-07-29,"{""canadian hip hop"",""canadian trap"",""hip hop"",""melodic rap"",rap,""toronto rap"",trap}"
Lil Durk,Hear It Back (feat. Moneybagg Yo),2022-06-24,"{""chicago drill"",""chicago rap"",drill,""hip hop"",rap,trap}"
Moneybagg Yo,Blow,2022-09-22,"{""hip hop"",""memphis hip hop"",rap,""southern hip hop"",""tennessee hip hop"",trap}"
Lil Durk,What Happened To Virgil (Apple Music Live),2022-03-11,"{""chicago drill"",""chicago rap"",drill,""hip hop"",rap,trap}"
LUCKI & Future,KAPITOL DENIM,2022-09-23,"{plugg,rap,""vapor trap""}"
Money Man,Similar,2022-10-28,"{""memphis hip hop"",rap,""southern hip hop"",trap}"
Lil Baby,Right On,2022-04-08,"{""atl hip hop"",""atl trap"",rap,trap}"
Gucci Mane,Rumors (feat. Lil Durk),2022-01-25,"{""atl hip hop"",""dirty south rap"",""gangster rap"",""hip hop"",""pop rap"",rap,""southern hip hop"",trap}"
Lil Baby,Frozen,2022-04-28,"{""atl hip hop"",""atl trap"",rap,trap}"
GloRilla,Nut Quick,2022-11-08,"{rap,""viral rap""}"
Moneybagg Yo,See Wat I’m Sayin,2022-05-27,"{""hip hop"",""memphis hip hop"",rap,""southern hip hop"",""tennessee hip hop"",trap}"
Key Glock,Ambition For Cash,2021-11-05,"{""hip hop"",""memphis hip hop"",rap,""southern hip hop"",""tennessee hip hop"",trap}"
SoFaygo,Stay Awake (feat. Lil Uzi Vert),2022-11-11,"{glitchcore,plugg,rap,trap,""vapor trap""}"
Moneybagg Yo,Switches & Dracs (feat. Lil Durk & EST Gee),2021-10-22,"{""hip hop"",""memphis hip hop"",rap,""southern hip hop"",""tennessee hip hop"",trap}"
Rod Wave,MJ Story,2022-11-18,"{""florida rap""}"
Kodak Black,Super Gremlin,2021-10-30,"{""florida rap""}"
Nas,30,2022-11-11,"{""conscious hip hop"",""east coast hip hop"",""gangster rap"",""hardcore hip hop"",""hip hop"",""queens hip hop"",rap}"
Moneybagg Yo,Rookie of the Year,2021-06-01,"{""hip hop"",""memphis hip hop"",rap,""southern hip hop"",""tennessee hip hop"",trap}"
Kodak Black,Walk,2022-09-16,"{""florida rap"",""hip hop"",""melodic rap"",""miami hip hop"",rap,trap}"
NAV & Gunna,Playa,2022-09-09,"{""canadian hip hop"",""canadian trap"",""hip hop"",""melodic rap"",rap,""toronto rap"",trap}"
Roddy Ricch,King Size,2022-11-18,"{""melodic rap"",rap,trap}"
Gunna & Future,pushin P (feat. Young Thug),2022-01-13,"{""atl hip hop"",""hip hop"",""melodic rap"",rap,trap}"
Money Man,LLC (feat. Moneybagg Yo),2021-11-12,"{""memphis hip hop"",rap,""southern hip hop"",trap}"
Pooh Shiesty,Certified (feat. Gunna),2022-04-29,"{""memphis hip hop"",rap,""southern hip hop"",""tennessee hip hop"",trap}"
42 Dugg & EST Gee,Everybody Shooters Too,2022-04-08,"{""detroit trap"",rap,trap}"
Polo G,Bag Talk,2022-10-28,"{""chicago rap"",rap}"
Lil Baby,Real As It Gets (feat. EST Gee),2021-03-04,"{""atl hip hop"",""atl trap"",rap,trap}"
"Quavo, Takeoff & YoungBoy Never Broke Again",To The Bone,2022-10-07,"{""atl hip hop"",""hip hop"",""melodic rap"",rap,""southern hip hop"",trap}"
Lil Baby & Lil Durk,2040,2021-06-04,"{""atl hip hop"",""atl trap"",rap,trap}"
Money Man,Plenty,2022-04-29,"{""memphis hip hop"",rap,""southern hip hop"",trap}"
Polo G,Distraction,2022-06-03,"{""chicago rap"",rap}"
Lil Durk,Pissed Me Off,2021-10-15,"{""chicago drill"",""chicago rap"",drill,""hip hop"",rap,trap}"
Don Toliver,Do It Right,2022-11-18,"{pop,rap,trap}"
Rich Homie Quan,Risk Takers,2022-10-04,"{""atl hip hop"",""atl trap"",""pop rap"",rap,""southern hip hop"",trap}"
Lil Tjay,Give You What You Want,2022-11-11,"{""brooklyn drill"",""melodic rap"",""nyc rap""}"
Nardo Wick,Dah Dah DahDah,2022-07-22,"{""florida rap"",rap,trap}"
Meek Mill,Sharing Locations (feat. Lil Baby & Lil Durk),2021-08-27,"{""hip hop"",""philly rap"",""pop rap"",rap,""southern hip hop"",trap}"
BIG30,Pressin' (feat. Quavo & Moneybagg Yo),2021-09-02,"{""memphis hip hop"",""southern hip hop"",trap}"
Jeezy & DJ Drama,Put The Minks Down (feat. 42 Dugg),2022-10-21,"{""atl hip hop"",crunk,""dirty south rap"",""gangster rap"",""hip hop"",""old school atlanta hip hop"",""pop rap"",rap,""southern hip hop"",trap}"
Moneybagg Yo & BIG30,GO!,2021-04-23,"{""hip hop"",""memphis hip hop"",rap,""southern hip hop"",""tennessee hip hop"",trap}"
Pharrell Williams & Travis Scott,Down In Atlanta,2022-11-18,"{""hip hop"",pop,""pop rap""}"
Lil Durk,Petty Too (feat. Future) [Apple Music Live],2022-03-11,"{""chicago drill"",""chicago rap"",drill,""hip hop"",rap,trap}"
Offset & Moneybagg Yo,CODE,2022-08-26,"{""atl hip hop"",""hip hop"",""pop rap"",rap,""southern hip hop"",trap,""viral rap""}"
Hotboii & Future,Nobody Special,2021-12-10,"{""florida rap"",trap}"
EST Gee,Backstage Passes (feat. Jack Harlow),2022-09-16,"{""kentucky hip hop"",""pop rap"",rap,""southern hip hop"",trap}"
Quavo & Takeoff,Bars Into Captions,2022-10-07,"{""atl hip hop"",""hip hop"",""melodic rap"",rap,""southern hip hop"",trap}"
Nardo Wick,Burning Up (feat. The Kid LAROI),2022-07-22,"{""florida rap"",rap,trap}"
EST Gee,Shoot It Myself (feat. Future),2022-09-16,"{""kentucky hip hop"",""pop rap"",rap,""southern hip hop"",trap}"
Young Thug,Bubbly (with Drake & Travis Scott),2021-10-15,"{""atl hip hop"",""atl trap"",""gangster rap"",""hip hop"",""melodic rap"",""pop rap"",rap,""southern hip hop"",trap}"
A Boogie wit da Hoodie,Ballin,2022-11-03,"{""melodic rap"",rap,trap}"
Gucci Mane,"Shit Crazy (Remix) [feat. BIG30, Mac Critter & Sett]",2022-11-10,"{""atl hip hop"",""dirty south rap"",""gangster rap"",""hip hop"",""pop rap"",rap,""southern hip hop"",trap}"
Kodak Black,I’m So Awesome,2022-09-30,"{""florida rap"",""hip hop"",""melodic rap"",""miami hip hop"",rap,trap}"
Hotboii,I Really (feat. 42 Dugg & Moneybagg Yo),2021-12-10,"{""florida rap"",trap}"
Megan Thee Stallion,Ungrateful (feat. Key Glock),2022-08-12,"{""dance pop"",""houston rap"",pop,rap,""trap queen""}"
Moneybagg Yo,Shottas (Lala),2021-04-23,"{""hip hop"",""memphis hip hop"",rap,""southern hip hop"",""tennessee hip hop"",trap}"
Trippie Redd & Don Toliver,Ain't Safe,2022-10-28,"{""melodic rap"",rap,trap}"
French Montana & NAV,Fenty,2022-10-21,"{""gangster rap"",""hip hop"",""pop rap"",rap,""southern hip hop"",trap}"
Yung Bleu & Fivio Foreign,One Of Those Nights,2022-11-11,"{""alabama rap"",""pop rap"",r&b,rap,trap}"
G Herbo,"Me, Myself & I (feat. A Boogie wit da Hoodie)",2022-09-09,"{""chicago drill"",""chicago rap"",drill,""hip hop"",rap,""southern hip hop"",trap}"
"Jeezy, DJ Drama & Lil Durk",Most Hated,2022-10-21,"{""atl hip hop"",crunk,""dirty south rap"",""gangster rap"",""hip hop"",""old school atlanta hip hop"",""pop rap"",rap,""southern hip hop"",trap}"
Meek Mill,Hot (feat. Moneybagg Yo),2021-10-01,"{""hip hop"",""philly rap"",""pop rap"",rap,""southern hip hop"",trap}"
DDG,Bulletproof Maybach (feat. Offset),2022-10-07,"{""pop rap"",rap,trap,""viral rap""}"
42 Dugg,IDGAF,2022-08-17,"{""detroit trap"",rap,trap}"
GloRilla & Cardi B,Tomorrow 2,2022-09-29,{}
Freddie Gibbs,Dark Hearted,2022-09-30,"{""alternative hip hop"",""hip hop"",""indiana hip hop"",rap,""southern hip hop"",""underground hip hop""}"
Nicki Minaj,Super Freaky Girl,2022-08-12,"{""dance pop"",""hip pop"",pop,""queens hip hop"",rap}"
Nardo Wick,G Nikes (feat. Polo G),2022-10-14,"{""florida rap"",rap,trap}"
BIG30,Celine Frames,2022-09-30,"{""memphis hip hop"",""southern hip hop"",trap}"
Nas,Michael & Quincy,2022-11-11,"{""conscious hip hop"",""east coast hip hop"",""gangster rap"",""hardcore hip hop"",""hip hop"",""queens hip hop"",rap}"
Tate McRae,uh oh,2022-09-30,{pop}
Baby Keem,bank account (feat. Lil Uzi Vert),2022-10-28,"{""hip hop"",rap}"
Freddie Gibbs,Too Much (feat. Moneybagg Yo),2022-09-02,"{""alternative hip hop"",""hip hop"",""indiana hip hop"",rap,""southern hip hop"",""underground hip hop""}"
Ice Spice,Bikini Bottom,2022-10-28,{}
Diddy & Bryson Tiller,Gotta Move On,2022-06-17,"{""dance pop"",""east coast hip hop"",""hip hop"",""hip pop"",""pop rap"",r&b,rap}"
Mariah the Scientist,Spread Thin,2022-03-11,"{""alternative r&b"",""indie r&b"",pop,r&b}"
dvsn,Take It Slow,2022-10-28,"{""canadian contemporary r&b"",pop,""pop r&b"",r&b,""trap soul"",""urban contemporary""}"
Wizkid,2 Sugar (feat. Ayra Starr),2022-11-11,"{""afro dancehall"",afropop,azonto,""nigerian hip hop"",""nigerian pop""}"
Babyface,Liquor (feat. Ari Lennox),2022-10-21,"{""contemporary r&b"",""neo soul"",""quiet storm"",r&b,""urban contemporary""}"
Alicia Keys,December Back 2 June,2022-10-28,"{""hip pop"",""neo soul"",pop,r&b,""urban contemporary""}"
Chris Brown,It's Giving Christmas,2022-11-16,"{""dance pop"",pop,r&b}"
Coco Jones,ICU,2022-11-04,"{""post-teen pop""}"
Jacquees,Still That,2022-11-18,"{""atl hip hop"",""pop r&b"",""pop rap"",r&b,rap,""urban contemporary""}"
Ella Mai,How (feat. Roddy Ricch),2022-05-06,"{""dance pop"",pop,""post-teen pop"",r&b,rap,""uk contemporary r&b"",""urban contemporary""}"
Jeremih,Changes,2022-10-21,"{""chicago rap"",""dance pop"",pop,""pop rap"",r&b,""urban contemporary""}"
Mahalia,Bag Of You,2022-11-11,"{""alternative r&b"",""indie anthem-folk"",""neo soul"",pop,r&b,""uk contemporary r&b""}"
Chris Brown,Call Me Every Day (feat. Wizkid),2022-11-18,"{""dance pop"",pop,r&b}"
Kranium,6ex In The Morning,2022-11-18,"{basshall,dancehall}"
dvsn,What's Up (feat. Jagged Edge),2022-09-30,"{""canadian contemporary r&b"",pop,""pop r&b"",r&b,""trap soul"",""urban contemporary""}"
Lucky Daye,Guess,2022-03-10,"{""alternative r&b"",""indie r&b"",pop,r&b}"
Sonder,Mad Riches,2022-10-21,{r&b}
Ashanti,Falling For You,2022-10-28,"{""dance pop"",""hip hop"",""hip pop"",r&b,""urban contemporary""}"
Coco Jones,Double Back,2022-11-04,"{""post-teen pop""}"
Bryson Tiller,Outside,2022-09-08,"{""kentucky hip hop"",pop,r&b,rap,trap}"
GIVĒON,Lost Me,2022-06-24,"{pop,r&b}"
Tone Stith,B.E.D,2022-11-25,"{""alternative r&b"",""chill r&b"",""indie r&b"",""pop r&b"",r&b,""trap soul""}"
Kelela,On the Run,2022-11-15,"{afrofuturism,""alternative r&b"",""art pop"",electropop,""escape room"",""experimental r&b"",""indie r&b"",""indie soul"",pop}"
Masego,Say You Want Me,2022-11-04,{}
Jessie Reyez & 6LACK,FOREVER,,
Ari Lennox,Waste My Time,2022-09-09,"{""alternative r&b"",""dmv rap"",""neo soul"",pop,r&b,rap,""urban contemporary""}"
"NxWorries, Knxwledge, Anderson .Paak & H.E.R.",Where I Go,2022-10-19,"{""hip hop"",""indie soul"",""neo soul"",""underground hip hop""}"
Sault,Fight for Love,2022-11-11,"{""alternative r&b"",""indie soul"",""pop soul""}"
dvsn,Don't Take Your Love,2022-10-21,"{""canadian contemporary r&b"",pop,""pop r&b"",r&b,""trap soul"",""urban contemporary""}"
Muni Long,Plot Twist,2022-09-23,"{""indie r&b"",pop,""pop r&b"",r&b,rap}"
Jacquees,Tipsy,2022-11-18,"{""atl hip hop"",""pop r&b"",""pop rap"",r&b,rap,""urban contemporary""}"
Mariah the Scientist,Bout Mine,2022-10-28,"{""alternative r&b"",""indie r&b"",pop,r&b}"
Tems,Free Mind,2020-09-25,"{""afro r&b"",alte,""nigerian pop"",r&b}"
SZA,Tread Carefully,2022-06-09,"{pop,r&b,rap}"
Beyoncé,PLASTIC OFF THE SOFA,2022-07-29,"{""dance pop"",pop,r&b}"
Pink Sweat$,Lay Up N’ Chill (feat. A Boogie Wit da Hoodie),2022-10-14,"{""bedroom soul"",""chill r&b"",pop}"
Kaash Paige & 6LACK,Miss My Dawgs,2022-09-16,{r&b}
Ciara & Summer Walker,Better Thangs (Remix) [feat. GloRilla],2022-09-28,"{""dance pop"",""hip pop"",pop,""post-teen pop"",r&b,""urban contemporary""}"
Chlöe & Latto,For the Night,2022-10-28,"{""dance pop"",pop,""post-teen pop"",r&b,rap}"
GIVĒON,Tryna Be,2022-06-24,"{pop,r&b}"
Rihanna,Born Again,2022-11-11,"{""barbadian pop"",""dance pop"",pop,""urban contemporary""}"
SZA,I Hate U,2021-12-03,"{pop,r&b,rap}"
Chris Brown,No Time Like Christmas,2022-11-16,"{""dance pop"",pop,r&b}"
Burna Boy,Solid (feat. Kehlani & Blxst),2022-07-07,"{""afro dancehall"",dancehall,""nigerian hip hop"",""nigerian pop""}"
Summer Walker,Constant B******t,2021-11-05,"{pop,r&b,rap}"
Chris Brown,Closure (feat. H.E.R.),2022-11-18,"{""dance pop"",pop,r&b}"
dvsn,Last Time (feat. Yung Bleu),2022-10-28,"{""canadian contemporary r&b"",pop,""pop r&b"",r&b,""trap soul"",""urban contemporary""}"
Kaash Paige,AWESOME,2022-11-18,{r&b}
Arin Ray,Bad Idea (feat. Blxst),2022-06-03,"{""alternative r&b"",""chill r&b"",""indie r&b"",""pop r&b"",r&b,""trap soul""}"
Tems,Found (feat. Brent Faiyaz),2021-09-09,"{""afro r&b"",alte,""nigerian pop"",r&b}"
Muni Long,Hrs & Hrs,2022-09-23,"{""indie r&b"",pop,""pop r&b"",r&b,rap}"
Maleek Berry,My Way,2022-11-11,"{""afro dancehall"",afropop,azontobeats,""nigerian pop"",""swedish dancehall"",""uk dancehall""}"
"Summer Walker, SZA & Cardi B",No Love (Extended Version),2022-03-25,"{pop,r&b,rap}"
Brent Faiyaz,LOOSE CHANGE,2022-07-08,"{""dmv rap"",""hip hop"",pop,r&b,rap}"
Ari Lennox,Hoodie,2022-09-09,"{""alternative r&b"",""dmv rap"",""neo soul"",pop,r&b,rap,""urban contemporary""}"
Eric Bellinger,Obsession (feat. Muni Long) [Remix],2022-11-18,"{""pop r&b"",""pop rap"",r&b,""urban contemporary""}"
Chlöe,Surprise,2022-06-17,"{""dance pop"",pop,""post-teen pop"",r&b,rap}"
SZA,2AM,2022-06-09,"{pop,r&b,rap}"
Snoh Aalegra,DO 4 LOVE,2021-10-29,"{""alternative r&b"",""neo soul"",r&b,""scandinavian r&b"",""swedish soul""}"
Ari Lennox,Pressure,2021-09-10,"{""alternative r&b"",""dmv rap"",""neo soul"",pop,r&b,rap,""urban contemporary""}"
SiR,Nothing Even Matters,2022-09-23,"{""alternative r&b"",""hip hop"",""indie soul"",""la pop"",""neo soul"",r&b,rap}"
RAAHiiM,Spin the Block,2022-11-10,"{""indie r&b"",""trap soul""}"
Babyface,Seamless (feat. Kehlani),2022-10-21,"{""contemporary r&b"",""neo soul"",""quiet storm"",r&b,""urban contemporary""}"
Kehlani,everything,2022-04-29,"{""dance pop"",pop,""post-teen pop"",r&b,rap}"
Omah Lay,i’m a mess,2022-10-21,{}
Wizkid,Money & Love,2022-10-27,"{""afro dancehall"",afropop,azonto,""nigerian hip hop"",""nigerian pop""}"
Beyoncé,HEATED,2022-07-29,"{""dance pop"",pop,r&b}"
John Legend,Splash (feat. Ty Dolla $ign & Jhené Aiko),2022-09-09,"{""neo soul"",pop,""pop soul"",r&b,""urban contemporary""}"
Kiana Ledé,Irresponsible,2022-09-16,"{""dance pop"",pop,""pop r&b"",""post-teen pop"",r&b,rap,""urban contemporary""}"
Dess Dior & Mariah the Scientist,Stone Cold,2022-10-19,"{""trap queen""}"
Sonder,Break You Off,2022-10-21,{r&b}
Brandy & Monica,The Boy Is Mine,2018-06-29,{}
SiR,Life Is Good (feat. Scribz Riley),2022-07-08,"{""alternative r&b"",""hip hop"",""indie soul"",""la pop"",""neo soul"",r&b,rap}"
Alex Vaughn,So Be It,2022-10-07,"{""alternative r&b"",""indie r&b""}"
Ari Lennox & Summer Walker,Queen Space,2022-10-03,{}
Doechii & SZA,Persuasive,2022-07-22,"{""alternative r&b"",""escape room"",pop,r&b,rap,""viral rap""}"
Jessie Reyez,ONLY ONE,2022-09-16,"{""canadian contemporary r&b"",""canadian pop"",pop,r&b}"
FLO,Not My Job,2022-09-21,"{pop,""post-teen pop"",r&b}"
Kim Petras,If Jesus Was A Rockstar,2022-11-11,"{""dance pop"",pop,""post-teen pop"",transpop}"
Meghan Trainor,Made You Look,2022-10-21,"{""dance pop"",""hip pop"",pop,""post-teen pop""}"
Nicky Youre,Eyes On You,2022-11-18,{pop}
Selena Gomez,My Mind & Me,2022-11-03,"{""dance pop"",pop,""post-teen pop""}"
"Galantis, David Guetta & MNEK",Damn (You’ve Got Me Saying),,
Tiësto & Tate McRae,10:35,2022-11-03,"{""big room"",brostep,""dance pop"",""dutch edm"",edm,house,pop,""pop dance"",""slap house"",trance,""tropical house""}"
Mimi Webb,Ghost of You,2022-10-07,"{""alt z"",""dance pop"",""gen z singer-songwriter"",pop,""post-teen pop"",""uk pop""}"
RAYE,Escapism. (feat. 070 Shake),2022-10-12,"{""dance pop"",pop,""pop dance"",""post-teen pop"",""tropical house"",""uk contemporary r&b"",""uk pop""}"
Isabel LaRosa,i'm yours,2022-10-28,"{hyperpop,pop}"
Alesso & Zara Larsson,Words,2022-09-09,"{""dance pop"",edm,""electro house"",pop,""pop dance"",""tropical house""}"
Lizzo,About Damn Time,2022-04-14,"{""escape room"",""minnesota hip hop"",pop,""trap queen""}"
Carly Rae Jepsen,The Loneliest Time (feat. Rufus Wainwright),2022-10-07,"{""canadian pop"",""dance pop"",pop,""post-teen pop""}"
Natalie Jane,AVA,2022-11-18,"{""alt z""}"
Benson Boone,NIGHTS LIKE THESE,2022-07-29,{pop}
"Zedd, Maren Morris & BEAUZ",Make You Say,2022-08-19,"{complextro,""dance pop"",edm,""electro house"",""german techno"",pop,""pop dance"",""pop rap"",""post-teen pop"",""tropical house""}"
Meduza & James Carter,Bad Memories (feat. Elley Duhé & FAST BOY),2022-07-22,"{""dance pop"",edm,""electro house"",pop,""pop dance"",""pop house"",""tropical house""}"
Marshmello & Khalid,Numb,2022-07-06,{8-bit}
24kGoldn,Mistakes,2022-09-30,"{""cali rap"",pop,""pop rap"",rap}"
FLETCHER & Kelsea Ballerini,Better Version,2022-11-18,"{""alt z"",""dance pop"",electropop,pop,""post-teen pop""}"
Michael Jackson,P.Y.T. (Pretty Young Thing),2008-02-08,"{pop,r&b,soul}"
Jessie Murph,If I Died Last Night,2022-11-04,"{""alt z"",pop}"
AJR,The DJ Is Crying For Help,2022-11-18,"{""modern rock""}"
Sabrina Carpenter,Nonsense,2022-07-15,"{""alt z"",""dance pop"",pop,""post-teen pop""}"
Taylor Swift,Vigilante Shit,2022-10-21,{pop}
Saint Harison,why didn't you call???,2022-11-02,{}
Justin Bieber,Boyfriend,2012-01-01,"{""canadian pop"",pop}"
Gryffin,Forever (feat. Elley Duhé),2022-10-28,"{""dance pop"",edm,pop,""pop dance"",""tropical house""}"
Aidan Bissett,Tripping Over Air,2022-09-09,"{""gen z singer-songwriter""}"
FLETCHER,Suckerpunch,2022-11-04,"{""alt z"",""dance pop"",electropop,pop,""post-teen pop""}"
Tai Verdes,how deep?,2022-08-26,"{""modern indie pop"",pop}"
Jessie Murph,While You're At It,2022-09-09,"{""alt z"",pop}"
ILLENIUM & MAX,Worst Day,2022-10-21,"{edm,""melodic dubstep"",pop,""pop dance"",""tropical house""}"
The 1975,About You,2022-10-14,"{""modern alternative rock"",""modern rock"",pop,rock}"
charlieonnafriday,Enough,2022-08-05,"{""pop rap""}"
Avril Lavigne,I’m a Mess (with YUNGBLUD),2022-11-03,"{""canadian pop"",""candy pop"",""dance pop"",pop,""post-teen pop""}"
Charlie Puth,Charlie Be Quiet!,2022-10-06,"{""dance pop"",pop,""viral pop""}"
Joji,Die For You,2022-11-04,"{""viral pop""}"
Bazzi,Heaven,2022-09-16,"{""dance pop"",electropop,pop}"
Ava Max,Weapons,2022-11-10,"{""dance pop"",pop}"
Mike Posner,I'm Not Dead Yet,2022-09-23,"{""dance pop"",edm,pop,""pop rap""}"
Gryffin & Olivia O'Brien,Caught Up,2022-06-15,{8-bit}
Chloe George,Penny,2022-11-02,{}
Ellie Goulding,Let It Die,2022-10-19,"{""dance pop"",edm,electropop,indietronica,metropopolis,pop,""post-teen pop"",""uk pop""}"
Ellie Goulding,Easy Lover (feat. Big Sean),2022-07-15,"{""dance pop"",edm,electropop,indietronica,metropopolis,pop,""post-teen pop"",""uk pop""}"
Ava Max,Million Dollar Baby,2022-09-01,"{""dance pop"",pop}"
Lizzo,2 Be Loved (Am I Ready),2022-07-15,"{""escape room"",""minnesota hip hop"",pop,""trap queen""}"
Khalid,Satellite,2022-09-23,"{pop,""pop r&b""}"
P!nk,Never Gonna Not Dance Again,2022-11-04,"{""dance pop"",pop}"
Benson Boone,Before You,2022-10-28,{pop}
Nicky Youre & Dazy,Sunroof,2022-05-04,{}
Nessa Barrett,dear god,2022-10-14,"{""alt z"",pop,""social media pop""}"
Charlie Puth,Loser,2022-10-06,"{""dance pop"",pop,""viral pop""}"
Lil Nas X,STAR WALKIN' (League of Legends Worlds Anthem),2022-09-22,"{""lgbtq+ hip hop"",pop}"
charlieonnafriday,Hallelujah,2020-09-25,"{""contemporary country"",country,""country dawn"",""oklahoma country"",pop}"
Elton John & Britney Spears,Hold Me Closer,2022-08-26,"{""glam rock"",""mellow gold"",""piano rock""}"
Ed Sheeran,Celestial,2022-09-29,"{pop,""uk pop""}"
charlieonnafriday,After Hours,2022-04-29,"{""pop rap""}"
Lewis Capaldi,Forget Me,2022-09-09,"{pop,""uk pop""}"
Charlie Puth & Jung Kook,Left and Right,2022-06-24,"{""dance pop"",pop,""viral pop""}"
Nessa Barrett,tired of california,2022-10-07,"{""alt z"",pop,""social media pop""}"
Amelia Moore,This Christmas,2022-06-03,"{""alt z""}"
Cafuné,Tek It,2019,"{""brooklyn indie""}"
The 1975,I'm In Love With You,2022-10-14,"{""modern alternative rock"",""modern rock"",pop,rock}"
Arlo Parks,Softly,2022-02-01,"{""alternative r&b"",""indie soul"",""uk contemporary r&b""}"
Chiiild,Bon Voyage,2022-11-09,"{""indie r&b""}"
Cautious Clay,Puffer,2022-06-15,"{""indie r&b"",""nyc pop""}"
PinkPantheress,Do you miss me?,2022-11-15,{}
Fred again..,Danielle (smile on my face),2022-09-14,"{edm,house}"
piri & Tommy Villiers,on & on,2022-07-28,{}
RAYE,Escapism. (feat. 070 Shake),2022-10-12,"{""dance pop"",pop,""pop dance"",""post-teen pop"",""tropical house"",""uk contemporary r&b"",""uk pop""}"
BENEE,Beach Boy,2022-03-04,"{""alt z"",""nz pop"",pop}"
Lauv,All 4 Nothing (I'm So In Love),2022-08-05,{pop}
spill tab,CRÈME BRÛLÉE!,2022-11-08,"{""indie pop"",""indie r&b"",""modern indie pop""}"
d4vd,Romantic Homicide,2022-07-20,"{""bedroom pop""}"
UMI,whatever u like,2022-05-26,"{""bedroom soul"",""chill r&b"",""indie r&b"",pop,r&b}"
girl in red,October Passed Me By,2022-10-14,"{""bedroom pop"",""indie pop"",""norwegian indie"",pop}"
Jeremy Zucker,I'm So Happy (feat. BENEE),2022-09-16,"{electropop,pop}"
hemlocke springs,Girlfriend,2022-11-02,{}
Fousheé,spend the money (feat. Lil Uzi Vert),2022-11-16,"{""indie r&b""}"
WILLOW,Wait a Minute!,2015-01-11,"{afrofuturism,pop,""post-teen pop""}"
Labrinth,Kill For Your Love,2022-09-09,"{""indie poptimism"",pop}"
Montell Fish,Hotel,2022-09-16,"{""pittsburgh rap"",pop}"
Steve Lacy,Static,2022-07-15,{afrofuturism}
Syd,Out Loud (feat. Kehlani),2022-04-08,"{""alternative r&b"",""indie r&b"",""indie soul"",""lgbtq+ hip hop"",r&b}"
chloe moriondo,Fruity,2022-10-07,"{""alt z"",""bedroom pop"",""indie pop""}"
Tai Verdes,TWO SUGARS,2022-09-16,"{""modern indie pop"",pop}"
FLETCHER,Becky's So Hot,2022-09-16,"{""alt z"",""dance pop"",electropop,pop,""post-teen pop""}"
Harry Styles,Music For a Sushi Restaurant,2022-05-20,{pop}
Anees,Sun and Moon,2022-04-06,{}
Dayglow,Then It All Goes Away,2022-10-07,"{austindie,""indie rock"",""modern rock""}"
JAWNY,strawberry chainsaw,2022-08-01,"{""bedroom pop"",""indie pop""}"
Holly Humberstone,Can You Afford To Lose Me?,2022-10-24,"{""alt z"",""indie pop"",""modern alternative pop"",""uk pop""}"
BROCKHAMPTON,Big Pussy,2022-11-04,"{""boy band"",""hip hop"",rap}"
Omar Apollo,Evergreen (You Didn’t Deserve Me At All),2022-04-08,"{""bedroom pop"",""bedroom soul"",pop,r&b}"
beabadoobee,The Perfect Pair,2022-07-15,"{""bedroom pop"",bubblegrunge,""indie pop"",pop}"
Dijon,The Dress,2021-11-05,"{""bedroom soul"",""indie r&b""}"
mazie,dumb dumb,2021-08-25,"{""modern indie pop""}"
Emotional Oranges & Unusual Demont,Cardigan,2022-09-21,"{""indie r&b"",pop}"
SoFaygo,Another One,2022-11-11,"{glitchcore,plugg,rap,trap,""vapor trap""}"
Shygirl,Firefly,2022-09-30,"{""alternative r&b"",""art pop"",""dance pop"",electra,electropop,""escape room"",grimewave,hyperpop,pop}"
Frank Ocean,Lost,2012-07-10,"{""hip hop"",""lgbtq+ hip hop"",""neo soul"",pop}"
Billie Eilish & Khalid,lovely,2022-11-08,{}
Lil Yachty,Poland,2022-10-11,"{""atl hip hop"",""hip hop"",""melodic rap"",rap,trap,""underground hip hop"",""viral rap""}"
Suki Waterhouse,Good Looking,2022-08-18,"{""indie pop""}"
Raveena,Mystery,2022-02-11,"{""alternative r&b"",""chill r&b"",""indie r&b"",""indie soul""}"
Harry Styles,Late Night Talking,2022-05-20,{pop}
WILLOW,curious/furious,2022-09-09,"{afrofuturism,pop,""post-teen pop""}"
GAYLE,fmk (with blackbear),2022-09-16,"{""modern alternative pop""}"
Jean Dawson & Earl Sweatshirt,Bad Fruit*,2022-10-05,"{""modern indie pop""}"
mxmtoon,coming of age,2022-05-20,"{""alt z"",""bedroom pop"",""indie pop""}"
George Michael,Jesus to a Child,1996-05-13,"{""new wave pop""}"
Daniel Caesar,Please Do Not Lean (feat. BADBADNOTGOOD),2022-04-22,"{""canadian contemporary r&b"",pop,r&b}"
quinnie,touch tank,2022-08-26,"{""bedroom pop"",""indie pop""}"
Jackson Wang,Blue,2022-09-09,{}
PinkPantheress,Where you are (feat. WILLOW),2022-04-22,{}
FINNEAS,"Mona Lisa, Mona Lisa",2022-07-15,"{""alt z"",electropop,""la indie"",pop}"
Joji,Glimpse of Us,2022-06-10,"{""viral pop""}"
Djo,Change,2022-09-16,"{""modern rock"",""psychedelic pop""}"
Gracie Abrams,Difficult,2022-10-07,"{""alt z"",""indie pop"",pop}"
The Kid LAROI,Thousand Miles,2022-04-22,"{""australian hip hop"",pop}"
Glass Animals,Heat Waves,2020-08-06,"{""gauze pop"",indietronica,""shiver pop""}"
GIVĒON,Lie Again,2022-06-24,"{pop,r&b}"
Billie Eilish,TV,2022-07-21,"{""art pop"",electropop,pop}"
Clairo,Amoeba,2021-07-16,"{""bedroom pop"",""indie pop"",pop}"
YUNGBLUD,Tissues,2022-08-30,"{""british indie rock"",""modern rock"",rock}"
Yung Gravy,Betty (Get Money),2022-06-10,"{""minnesota hip hop""}"
Yeat,Flawlëss (feat. Lil Uzi Vert),2022-09-09,{pluggnb}
Kate Bush,Running Up That Hill (A Deal with God),1985-09-16,"{""art pop"",""art rock"",""baroque pop"",""new wave pop"",""permanent wave"",""piano rock"",singer-songwriter}"
Katie Gregson-MacLeod,complex (demo),2022-08-26,{}
Oasis,Wonderwall (Remastered),1995,"{beatlesque,britpop,madchester,""permanent wave"",""pop rock"",rock}"
No Doubt,Just a Girl,1995-10-10,"{""alternative rock"",""dance pop"",""dance rock"",""permanent wave"",""pop rock""}"
TLC,No Scrubs,1999-02-23,"{""atl hip hop"",""contemporary r&b"",""dance pop"",""girl group"",""hip hop"",""hip pop"",r&b,""urban contemporary""}"
Ricky Martin,Livin' la Vida Loca,1999,"{""latin pop"",""mexican pop"",""puerto rican pop""}"
Smash Mouth,All Star,1999-06-08,"{""alternative rock"",""pop rock""}"
Ace of Base,The Sign (Remastered),1993-12-24,"{""bubblegum dance"",""dance pop"",eurodance,europop,""pop rock""}"
Madonna,Vogue (Edit Version),2010-02-01,{karaoke}
Counting Crows,Mr. Jones,1993-01-01,"{""alternative rock"",""neo mellow"",""pop rock"",rock}"
Mariah Carey,Fantasy,1995-10-03,"{""dance pop"",pop,""urban contemporary""}"
The Cardigans,Lovefool,1996-01-01,"{""dance pop"",lilith,""new wave pop"",""permanent wave"",""pop rock"",""swedish pop""}"
The Notorious B.I.G.,Juicy (2007 Remaster),2007-03-05,"{""east coast hip hop"",""gangster rap"",""hardcore hip hop"",""hip hop"",rap}"
Spice Girls,Wannabe (Radio Edit),2022-07-26,{}
Blackstreet,No Diggity (feat. Dr. Dre & Queen Pen),1996-09-09,"{""boy band"",""contemporary r&b"",""dance pop"",""hip hop"",""hip pop"",""neo soul"",""new jack swing"",""pop rap"",""quiet storm"",r&b,""urban contemporary""}"
Aaliyah,Back & Forth,1994-05-22,"{""contemporary r&b"",""dance pop"",""hip pop"",""neo soul"",r&b,""urban contemporary""}"
Destiny's Child,Say My Name,1999-07-27,"{""dance pop"",""girl group"",""hip pop"",pop,r&b,""urban contemporary""}"
TLC,Waterfalls,1994-11-15,"{""atl hip hop"",""contemporary r&b"",""dance pop"",""girl group"",""hip hop"",""hip pop"",r&b,""urban contemporary""}"
Ginuwine,Pony,1999-10-08,{}
C+C Music Factory,Gonna Make You Sweat (Everybody Dance Now),1990,"{""diva house"",eurodance,""hip house""}"
No Doubt,Don't Speak,1995-10-10,"{""alternative rock"",""dance pop"",""dance rock"",""permanent wave"",""pop rock""}"
Janet Jackson,That's the Way Love Goes,1993-05-18,"{""dance pop"",""hip pop"",r&b,""urban contemporary""}"
Dr. Dre,Nuthin' but a G thang (feat. Snoop Dogg) [Mixed],1998-01-01,{}
Hanson,MMMBop,1997-01-01,"{""boy band"",""dance pop"",""pop rock""}"
Bell Biv DeVoe,Poison (Hip Hop Mix),1990-03-20,"{""boy band"",""contemporary r&b"",""hip hop"",""hip pop"",""new jack swing"",""quiet storm"",r&b,""urban contemporary""}"
Mary J. Blige,Real Love,1992-01-01,"{""dance pop"",""hip pop"",""neo soul"",r&b,""urban contemporary""}"
Tag Team,Whoomp! There It Is,1993-05-07,"{""atlanta bass"",""miami bass""}"
Marc Cohn,Walking In Memphis,1991-02-08,"{""mellow gold"",singer-songwriter}"
Prince,Thieves In the Temple,1990-08-17,"{funk,""funk rock"",""minneapolis sound"",""synth funk""}"
Snap!,The Power,1990-01-01,"{""diva house"",eurodance,europop,""german techno"",""hip house""}"
Michael Jackson,Remember the Time,1991-11-13,"{pop,r&b,soul}"
Wilson Phillips,Hold On,1990-05-08,"{""girl group"",""mellow gold"",""new wave pop"",""soft rock""}"
Ghost Town DJs,My Boo (Hitman's Club Mix),1996-03-26,"{""atlanta bass""}"
Everything But the Girl & Todd Terry,Missing (Todd Terry Club Mix / Us Radio Edit),1994-06-13,"{electronica,""new wave pop"",""pop rock"",sophisti-pop,""trip hop""}"
Beastie Boys,Intergalactic,1998-07-14,"{""alternative rock"",""east coast hip hop"",""golden age hip hop"",""hip hop"",""old school hip hop"",rap,""rap rock"",rock}"
DJ Jazzy Jeff & The Fresh Prince,Summertime,1991-07-09,"{""gangster rap"",""golden age hip hop"",""hip hop"",""old school hip hop"",""philly rap"",rap}"
En Vogue,Hold On,1990-04-03,"{""contemporary r&b"",""dance pop"",""girl group"",""hip hop"",""hip pop"",""neo soul"",r&b,""urban contemporary""}"
George Michael,Freedom! '90,2017-10-20,"{""new wave pop""}"
Quad City DJ's,C'mon N' Ride It (The Train) [Dance Remix],2022-11-25,{}
Gin Blossoms,Hey Jealousy,1992-01-01,"{""alternative rock"",""neo mellow"",""permanent wave"",""pop rock"",post-grunge,rock,""tempe indie""}"
Warren G,"Regulate (feat. Nate Dogg, Destructo & Motif) [Destructo & Wax Motif Remix]",1994-06-07,"{""g funk"",""gangster rap"",""hardcore hip hop"",""hip hop"",""pop rap"",rap,""west coast rap""}"
Haddaway,What Is Love,1993-09-13,"{""bubblegum dance"",eurodance,europop,""hip house""}"
Puff Daddy,I'll Be Missing You (feat. Faith Evans & 112) [2014 Remaster],1997,"{""dance pop"",""east coast hip hop"",""hip hop"",""hip pop"",""pop rap"",r&b,rap}"
House of Pain,Jump Around (30 Years Remaster),2022-07-22,"{""gangster rap"",""hardcore hip hop"",""hip hop"",rap,""rap rock"",""west coast rap""}"
Ini Kamoze,Here Comes the Hotstepper (Heartical Mix),1994,"{dub,reggae,""reggae fusion"",""roots reggae""}"
Prince & The New Power Generation,7,1992-10-13,"{funk,""funk rock"",""minneapolis sound"",""synth funk""}"
George Michael,"Fastlove, Pt. 1",1996-05-13,"{""new wave pop""}"
The Rembrandts,I'll Be There for You (Theme from Friends),1995-05-02,"{""pop rock""}"
Will Smith,Gettin' Jiggy Wit It,1997-10-03,"{""dance pop"",""hip hop"",""pop rap""}"
Jewel,You Were Meant For Me,1995-02-28,"{""alaska indie"",lilith,""permanent wave"",""pop rock"",singer-songwriter}"
Kris Kross,Jump,1992-03-17,"{""hip hop"",""old school atlanta hip hop"",rap}"
Enrique Iglesias,Bailamos,1999-11-23,"{""latin pop"",""mexican pop""}"
CeCe Peniston,Finally,1992-01-01,"{disco,""diva house"",""hip house"",""urban contemporary"",""vocal house""}"
Boyz II Men,Motownphilly,1991-04-30,"{""boy band"",""contemporary r&b"",""new jack swing"",r&b,""urban contemporary""}"
LEN,Steal My Sunshine,1999-05-25,"{""canadian rock"",""pop rock""}"
Sir Mix-A-Lot,Baby Got Back,1992-01-01,"{""gangster rap"",""hip hop"",""old school hip hop"",""pop rap"",rap}"
Donna Lewis,I Love You Always Forever,1996-04-16,"{""new wave pop"",""pop rock""}"
OMC,How Bizarre,1996-01-01,"{""nz pop"",""pop rock""}"
Smash Mouth,All Star,1999-06-08,"{""alternative rock"",""pop rock""}"
Daft Punk,Around the World (Radio Edit),1997-04-11,"{electro,""filter house""}"
Cher,Believe,1998,"{""dance pop"",hollywood,""new wave pop"",pop}"
En Vogue & Salt-N-Pepa,Whatta Man,1993-10-12,"{""dance pop"",""girl group"",""golden age hip hop"",""hip hop"",""hip pop"",""old school hip hop"",""pop rap"",""queens hip hop""}"
Savage Garden,I Want You,1997-03-04,"{""australian pop"",""boy band"",""dance pop"",europop,""pop rock""}"
Dido,Thank You,1999-06-01,"{""pop rock""}"
Color Me Badd,I Adore Mi Amor,1991-07-23,"{""boy band"",""contemporary r&b"",""new jack swing"",r&b,""urban contemporary""}"
Alanis Morissette,Hand In My Pocket,1995,"{""canadian pop"",""canadian singer-songwriter"",""pop rock"",singer-songwriter}"
The Notorious B.I.G.,Hypnotize (2005 Remaster),2022-06-10,"{""east coast hip hop"",""gangster rap"",""hardcore hip hop"",""hip hop"",rap}"
Matchbox Twenty,3 am,1996-10-01,"{""neo mellow"",""pop rock"",post-grunge}"
Prince & The New Power Generation,Cream,1991-10-01,"{funk,""funk rock"",""minneapolis sound"",""synth funk""}"
UB40,(I Can't Help) Falling in Love With You,1993-01-01,"{""reggae fusion"",""uk reggae""}"
Depeche Mode,Enjoy the Silence,2020-07-17,"{""dance rock"",""new romantic"",""new wave"",""permanent wave"",synthpop}"
Black Box,Strike It Up,1990-04-09,"{""diva house"",eurodance,europop,""hip house"",""italo house"",""new wave pop""}"
Wreckx-n-Effect,Rump Shaker,1992-01-01,"{""new jack swing""}"
Spin Doctors,Two Princes,1991-08-27,"{""alternative rock"",""pop rock"",rock}"
Skee-Lo,I Wish,1995-09-02,"{""hip hop"",rap,""west coast rap""}"
B*Witched,C'est La Vie,1998-03-25,"{""bubblegum dance"",""dance pop"",europop,""girl group""}"
Snow,Informer,1993,"{""canadian old school hip hop"",""reggae fusion""}"
Bizarre Inc,I'm Gonna Get You (Original Remix Version),1996-07-16,{}
Green Day,When I Come Around,1994-02-01,"{""permanent wave"",punk}"
Sixpence None the Richer,Kiss Me,1997-11-22,"{""neo mellow"",""pop rock""}"
Naughty By Nature,O.P.P,1991-09-03,"{""east coast hip hop"",""gangster rap"",""hardcore hip hop"",""hip hop"",""hip pop"",""new jersey rap"",""pop rap"",rap}"
Fatboy Slim,Praise You,2006-01-01,"{""big beat""}"
Corona,Rhythm of the Night,1995,"{""bubblegum dance"",""diva house"",eurodance,europop,""hip house""}"
Des'ree,You Gotta Be,1994-04-27,"{europop,""new wave pop"",""pop rock""}"
Duran Duran,Come Undone,1993-02-15,"{""dance rock"",""new romantic"",""new wave"",""new wave pop"",rock,synthpop}"
Bobby Brown,Humpin' Around,1992-08-24,"{""contemporary r&b"",funk,""hip hop"",""new jack swing"",""quiet storm"",r&b,""urban contemporary""}"
EMF,Unbelievable,1991-05-07,"{britpop,""dance rock"",grebo,indietronica,madchester}"
The Cranberries,Dreams (Dave Fanning RTÉ Radio Session),1993-03-01,"{""irish rock"",""pop rock""}"
Saint Etienne,Only Love Can Break Your Heart,1992-01-10,"{""art pop"",britpop,""dream pop"",electronica,electropop,""new wave pop""}"
Mariah Carey,Dreamlover,1993-08-31,"{""dance pop"",pop,""urban contemporary""}"
Amy Shark,All the Lies About Me,2021-04-30,"{""australian pop""}"
Prince & The New Power Generation,Diamonds and Pearls,1991-10-01,"{funk,""funk rock"",""minneapolis sound"",""synth funk""}"
Coolio,Gangsta's Paradise (feat. L.V.),2013,{}
Spice Girls,Spice Up Your Life,1997-01-01,"{""dance pop"",europop,""girl group""}"
SWV,Right Here (Human Nature Radio Mix),1992-10-27,"{""contemporary r&b"",""girl group"",""hip hop"",""hip pop"",""neo soul"",""new jack swing"",""quiet storm"",r&b,""urban contemporary""}"
k.d. lang,Constant Craving,2010,"{""canadian country"",""canadian pop"",""canadian singer-songwriter"",folk,lilith,""mellow gold"",""new wave pop"",""permanent wave"",""queer country"",singer-songwriter,""women's music""}"
Paula Cole,Where Have All the Cowboys Gone? (Album Version),1996,"{ectofolk,lilith,""new wave pop"",""pop rock"",singer-songwriter}"
Ace of Base,All That She Wants (Remastered),1993-12-24,"{""bubblegum dance"",""dance pop"",eurodance,europop,""pop rock""}"
Barenaked Ladies,One Week,1998-07-07,"{""canadian pop"",""canadian rock"",comic,""pop rock""}"
JP Saxe,The Good Parts,2022-11-17,"{""alt z"",""canadian contemporary r&b"",""neo mellow"",pop}"
Dean Lewis,How Do I Say Goodbye,2022-08-31,"{""australian pop"",pop}"
Lauren Spencer Smith,Flowers,2022-04-14,"{""alt z"",""gen z singer-songwriter"",pop,""post-teen pop""}"
Jessie Murph,How Could You,2022-10-14,"{""alt z"",pop}"
Joshua Bassett,would you love me now?,2022-10-06,"{pop,""post-teen pop""}"
Jessie Murph,Pray,2022-02-18,"{""alt z"",pop}"
Tate McRae,you broke me first,2020-04-17,{pop}
Whitney Houston,I Will Always Love You,1992-11-17,"{""dance pop"",pop,""urban contemporary""}"
Tate McRae,chaotic,2022-05-27,{pop}
James TW,Hopeless Romantics,2022-04-29,"{""neo mellow"",pop,""pop rock"",""post-teen pop"",""uk pop""}"
Benson Boone,GHOST TOWN,2021-10-15,{pop}
JP Saxe,A Little Bit Yours,2020-09-02,"{""alt z"",""canadian contemporary r&b"",""neo mellow"",pop}"
Zoe Wees,Hold Me Like You Used To,2021-05-21,"{""german pop""}"
LOVA,Lonely Ones,2021-02-26,"{""swedish pop""}"
Duncan Laurence,Arcade,2019-03-07,"{""dutch pop""}"
Noah Cyrus,Lonely,2020-05-15,"{pop,""post-teen pop""}"
Mimi Webb,Dumb Love,2021-06-11,"{""alt z"",""dance pop"",""gen z singer-songwriter"",pop,""post-teen pop"",""uk pop""}"
Tate McRae,tear myself apart,2019-08-28,{pop}
Lauren Spencer Smith,Narcissist,2022-07-29,"{""alt z"",""gen z singer-songwriter"",pop,""post-teen pop""}"
Danielle Bradbery,Break My Heart Again,2022-01-14,"{""contemporary country"",country,""country pop""}"
Zzz.,All I Never Wanted,2022-10-27,{}
Hailee Steinfeld,Wrong Direction,2020-05-08,"{""dance pop"",pop,""post-teen pop""}"
Faouzia & John Legend,Minefields,2020-11-19,{}
Conan Gray,Family Line,2022-06-24,"{""bedroom pop"",pop}"
Selena Gomez,Lose You to Love Me,2020-01-10,"{""dance pop"",pop,""post-teen pop""}"
Lloyiso,Speak,2022-04-01,"{""afro soul"",""south african pop""}"
Mimi Webb,24/5,2021-10-22,"{""alt z"",""dance pop"",""gen z singer-songwriter"",pop,""post-teen pop"",""uk pop""}"
James Arthur,Train Wreck,2016-10-28,"{pop,""talent show"",""uk pop""}"
Dean Lewis,Be Alright,2018-06-29,"{""australian pop"",pop}"
Mimi Webb,Good Without,2021-03-26,"{""alt z"",""dance pop"",""gen z singer-songwriter"",pop,""post-teen pop"",""uk pop""}"
Alessia Cara,Out of Love,2018-11-30,"{""canadian contemporary r&b"",""canadian pop"",""dance pop"",pop,""post-teen pop""}"
Jessie Murph,I Would've,2022-05-20,"{""alt z"",pop}"
Forest Blakk,Foolish,2020-08-21,{}
JP Saxe,When You Think Of Me,2022-09-23,"{""alt z"",""canadian contemporary r&b"",""neo mellow"",pop}"
quinnie,man,2022-09-30,"{""bedroom pop"",""indie pop""}"
Kelsea Ballerini,the way i used to (ballerini album version),2020-09-11,"{""contemporary country"",country,pop}"
Clinton Kane,CHICKEN TENDIES,2021-02-19,"{""alt z"",""gen z singer-songwriter"",pop,""post-teen pop""}"
Wild Rivers,Thinking 'bout Love (feat. Wrabel),2022-03-11,"{folk-pop,""indie folk"",indiecoustica,""neo mellow"",""stomp and holler""}"
Conan Gray,Yours,2022-06-24,"{""bedroom pop"",pop}"
Emily Weisband,Out of This Car,2020-10-23,"{""nashville singer-songwriter""}"
Cian Ducrot,All For You,2022-04-07,"{""irish pop""}"
Joe Jonas & Khalid,Not Alone (from Devotion),2022-11-11,"{""post-teen pop""}"
JESSIA,Next Time,2022-03-25,"{""alt z""}"
Sam Smith,Stay With Me,2014-05-26,"{""dance pop"",pop,""uk pop""}"
Dylan Conrique,get over you,2022-09-28,"{""alt z"",""social media pop""}"
Ingrid Andress,Pain,2022-06-15,"{""contemporary country"",country,""country pop""}"
Ella Henderson,Hold On Me,2019-11-08,"{""dance pop"",pop,""pop dance"",""post-teen pop"",""talent show"",""tropical house"",""uk pop""}"
Dermot Kennedy,Innocence and Sadness,2022-11-18,"{folk-pop,""irish pop"",pop}"
Joshua Bassett,Lifeline,2022-09-23,"{pop,""post-teen pop""}"
Olivia Rodrigo,drivers license,2021-05-21,{pop}
Ashley Kutcher,Emotionless,2022-10-21,"{""alt z"",""gen z singer-songwriter"",pop}"
GIVĒON,Another Heartbreak,2022-06-24,"{pop,r&b}"
Lewis Capaldi,Someone You Loved,2019-05-17,"{pop,""uk pop""}"
Matt Hansen,Break My Heart,2022-09-02,"{""gen z singer-songwriter""}"
Catie Turner,(Wish I Didn't Have to) Lie [feat. JORDY],2021-10-13,"{""alt z"",""gen z singer-songwriter"",""indie pop""}"
Lauren Spencer Smith,Fingers Crossed,2022-01-05,"{""alt z"",""gen z singer-songwriter"",pop,""post-teen pop""}"
Gabby Barrett,I Hope (feat. Charlie Puth),2020-06-19,"{""contemporary country"",country,""country pop""}"
Griff,Love Is A Compass (Disney supporting Make-A-Wish),2022-11-25,{}
Joshua Bassett,Crisis,2021-12-03,"{pop,""post-teen pop""}"
Gracie Abrams,"I miss you, I’m sorry",2020-07-14,"{""alt z"",""indie pop"",pop}"
Sarah Proctor,Not For Me,2021-10-22,"{""uk pop""}"
Lauren Daigle,You Say,2018-09-07,"{ccm,""christian alternative rock"",""christian music"",worship}"
Sasha Alex Sloan,when was it over? (feat. Sam Hunt),2021-04-23,"{""alt z"",electropop,pop,""post-teen pop""}"
Abe Parker,Butterflies,2022-01-28,"{""alt z""}"
Jaymes Young,Happiest Year,2022-01-28,"{""modern rock"",pop}"
Gracie Abrams,Friend,2020-07-14,"{""alt z"",""indie pop"",pop}"
Tyler James Bellinger,Unlove You,2021-11-12,{}
Josh Golden,you don't love me,2021-10-08,"{""la pop"",""sad rap""}"
Faouzia,Anybody Else,2022-05-19,"{""alt z"",""canadian pop"",pop,""post-teen pop""}"
Lexi Jayde,gentle,2022-05-26,"{""alt z"",""social media pop""}"
Lukas Graham,Happy For You,2021-05-14,"{""danish pop"",pop,scandipop}"
Robinson,Watching You,2020-02-21,"{""alt z"",""nz pop""}"
Clara Mae,Not Sad Anymore,2021-06-18,"{""alt z"",electropop,pop,""post-teen pop"",""social media pop"",""swedish pop""}"
Nova Miller,Cold Feet,2022-01-21,{melodipop}
Sam DeRosa,Pill for This,2019-09-04,{}
Quinn Lewis,Hurt Me Now,2019-07-19,"{""alt z""}"
Anna Clendening,Get Me,2020-07-31,"{""alt z"",pop,""post-teen pop"",""social media pop""}"
Ingrid Andress,Seeing Someone Else,2022-05-13,"{""contemporary country"",country,""country pop""}"
GIVĒON,Heartbreak Anniversary,2020-03-27,"{pop,r&b}"
Tyler James Bellinger,Unbearable,2022-02-04,"{""belgian edm"",""belgian pop""}"
Camila Cabello,Consequences (Orchestra),2018-10-09,"{""dance pop"",pop,""post-teen pop""}"
James Smith,My Oh My,2021-01-29,"{""neo mellow"",pop,""uk pop"",""viral pop""}"
Natalie Taylor,Surrender,2019-10-29,{}
Halsey,You should be sad,2020-01-17,"{""dance pop"",electropop,etherpop,""indie poptimism"",pop}"
Josh Kerr,I Go Back to You,2021-04-09,"{""contemporary country"",""country pop""}"
Ruel,too many feelings,2021-02-11,"{""australian alternative pop"",""dance pop"",pop,""post-teen pop""}"
Lewis Capaldi,Before You Go,2019-11-22,"{pop,""uk pop""}"
Alexander 23 & Jeremy Zucker,Nothing's the Same,2021-02-19,"{""alt z"",pop}"
Clara Mae,Unmiss You,2020-08-28,"{""alt z"",electropop,pop,""post-teen pop"",""social media pop"",""swedish pop""}"
Jeremy Zucker,"always, i'll care",2020-04-17,"{electropop,pop}"
Post Malone,I Like You (A Happier Song) [feat. Doja Cat],2022-05-27,{}
Taylor Swift,Bejeweled,2022-10-21,{pop}
Joji,Die For You,2022-11-04,"{""viral pop""}"
Doja Cat,Vegas (From the Original Motion Picture Soundtrack ELVIS),2022-05-06,"{""dance pop"",pop}"
Oliver Tree & Robin Schulz,Miss You,2022-11-25,{}
Stephen Sanchez,Until I Found You,2021-09-01,"{""gen z singer-songwriter"",pop}"
Rema & Selena Gomez,Calm Down,2021-03-12,"{""dance pop"",pop,""post-teen pop""}"
Megan Moroney,Tennessee Orange,2022-09-02,"{""contemporary country""}"
Oliver Tree & sped up nightcore,Miss You (Sped Up Version),2022-10-17,"{""alternative hip hop""}"
Katy Perry,California Gurls (feat. Snoop Dogg),2010-01-01,"{""dance pop"",pop}"
Lady Gaga,Bad Romance,2009-11-05,"{""art pop"",""dance pop"",pop}"
Bruno Mars,Just the Way You Are,2010-10-05,"{""dance pop"",pop}"
Justin Bieber,Baby (feat. Ludacris),2010-06-11,{fake}
Lady A,Need You Now,2010-01-01,"{""contemporary country"",country,""country dawn"",""country pop"",""country road"",pop}"
Taio Cruz,Dynamite,2010-01-01,"{""dance pop"",edm,pop,""pop rap""}"
CeeLo Green,F**k You,2018-12-07,{}
Eminem,Love The Way You Lie (feat. Rihanna),2022-08-05,"{""detroit hip hop"",""hip hop"",rap}"
Train,"Hey, Soul Sister",2010-12-01,"{""dance pop"",""neo mellow"",pop,""pop rock""}"
Usher,Omg (feat. will.i.am),2010-03-30,"{""atl hip hop"",""contemporary r&b"",""dance pop"",pop,r&b,""south carolina hip hop"",""urban contemporary""}"
"Far East Movement, The Cataracs & Dev",Like a G6,2012-01-01,{}
Foster the People,Pumped Up Kicks,2011-05-23,"{indietronica,""modern rock"",rock}"
B.o.B,Airplanes (feat. Hayley Williams of Paramore),2010-04-27,"{""atl hip hop"",""dance pop"",""hip hop"",pop,""pop rap"",rap,""southern hip hop""}"
Kesha,Your Love Is My Drug,2010-01-01,"{""dance pop"",pop,""post-teen pop""}"
Wiz Khalifa,Black and Yellow,2011-03-29,"{""dance pop"",""hip hop"",""pittsburgh rap"",""pop rap"",rap,""southern hip hop"",trap}"
Rihanna,Rude Boy,2009-11-20,"{""barbadian pop"",""dance pop"",pop,""urban contemporary""}"
Eminem,Not Afraid,2010-06-18,"{""detroit hip hop"",""hip hop"",rap}"
Enrique Iglesias,I Like It (feat. Pitbull) [feat. Pitbull],2010-11-02,{}
Jason Derulo,In My Head,2010-02-24,"{""dance pop"",edm,pop,""pop rap"",""post-teen pop""}"
Katy Perry,Teenage Dream,2010-01-01,"{""dance pop"",pop}"
JAY-Z,Empire State Of Mind (feat. Alicia Keys),2009-12-01,{}
B.o.B,Nothin' On You (feat. Bruno Mars),2010-04-27,"{""atl hip hop"",""dance pop"",""hip hop"",pop,""pop rap"",rap,""southern hip hop""}"
Lady Gaga,Telephone (feat. Beyoncé),2010-01-26,"{""art pop"",""dance pop"",pop}"
The Band Perry,If I Die Young,2010-01-01,"{""contemporary country"",country,""country dawn"",""country road"",""modern country rock""}"
Jay Sean,Down (feat. Lil Wayne),2010-06-01,{}
Christina Perri,Jar of Hearts,2011-05-10,"{""dance pop"",""neo mellow"",pop,""pop rock"",""post-teen pop""}"
Rihanna,Only Girl (In the World),2010-01-01,"{""barbadian pop"",""dance pop"",pop,""urban contemporary""}"
Travie McCoy,Billionaire (feat. Bruno Mars),2010-06-07,"{""pop rap""}"
Neon Trees,Animal,2010-01-01,"{""modern alternative rock"",""modern rock"",""pop rock"",rock}"
Flo Rida,Club Can't Handle Me (feat. David Guetta),2010-06-28,"{""dance pop"",edm,""miami hip hop"",pop,""pop rap""}"
Bruno Mars,Grenade,2010-10-05,"{""dance pop"",pop}"
Black Eyed Peas,Imma Be,2009-01-01,"{""dance pop"",pop,""pop rap""}"
Mike Posner,Cooler Than Me (Single Mix),2010-08-09,"{""dance pop"",edm,pop,""pop rap""}"
Taio Cruz,Break Your Heart (feat. Ludacris),2010-06-08,{}
Usher,DJ Got Us Fallin' In Love (feat. Pitbull),2010-03-30,"{""atl hip hop"",""contemporary r&b"",""dance pop"",pop,r&b,""south carolina hip hop"",""urban contemporary""}"
Michael Bublé,Haven't Met You Yet,2009-10-06,"{""adult standards"",""canadian pop"",""jazz pop"",lounge}"
Jeremih,Down On Me (feat. 50 Cent),2010-12-21,{}
Drake,Find Your Love,2010-01-01,"{""canadian hip hop"",""canadian pop"",""hip hop"",rap,""toronto rap""}"
Jason Derulo,Ridin' Solo,2010-02-24,"{""dance pop"",edm,pop,""pop rap"",""post-teen pop""}"
Trey Songz,Say Aah (feat. Fabolous),2009-08-31,"{""dance pop"",pop,r&b,""southern hip hop"",trap,""urban contemporary""}"
Lady Gaga,Alejandro,2009-08-05,"{""art pop"",""dance pop"",pop}"
Timbaland,Carry Out (feat. Justin Timberlake),2009-01-01,"{""dance pop"",""hip hop"",pop,""pop rap"",""urban contemporary""}"
Jason Derulo,Whatcha Say,2010-02-24,"{""dance pop"",edm,pop,""pop rap"",""post-teen pop""}"
Taylor Swift,Mine,2010-10-25,{pop}
Young Money,BedRock (feat. Lloyd),2009-01-01,"{""dance pop"",""dirty south rap"",""gangster rap"",""hip hop"",""pop rap"",r&b,rap,""southern hip hop"",trap}"
Adam Lambert,Whataya Want from Me,2009-11-23,"{""dance pop"",idol,pop,""post-teen pop""}"
Rihanna,Hard (feat. Jeezy),2010-06-01,"{""bossa nova cover""}"
Maroon 5,Misery,2010,{pop}
Orianthi,According to You,2009-01-01,"{""candy pop""}"
3OH!3,My First Kiss (feat. Ke$ha),2010-06-25,"{""dance pop"",electropowerpop,""modern rock"",pop,""pop punk"",""pop rap"",""post-teen pop""}"
Calvin Harris,Summer,2014-10-31,"{""dance pop"",edm,""electro house"",house,pop,""progressive house"",""uk dance""}"
The Weeknd,Can't Feel My Face,2015-08-28,"{""canadian contemporary r&b"",""canadian pop"",pop}"
Sia,Cheap Thrills (feat. Sean Paul),2016-10-21,"{""australian dance"",""australian pop"",""dance pop"",pop}"
Nico & Vinz,Am I Wrong,2014,"{""pop rap""}"
Maroon 5,Moves Like Jagger (feat. Christina Aguilera),2011-10-03,"{""antiviral pop"",parody}"
Post Malone,Better Now,2018-04-27,"{""dfw rap"",""melodic rap"",rap}"
Drake,One Dance (feat. Wizkid & Kyla),2016-07-15,{}
Major Lazer,Lean On (feat. MØ & DJ Snake),2015-07-10,"{""dance pop"",edm,""electro house"",moombahton,pop,""pop dance"",""pop rap"",""tropical house""}"
Miley Cyrus,We Can't Stop,2013-10-04,"{""dance pop"",pop,""post-teen pop""}"
MAGIC!,Rude,2014-06-25,"{""reggae fusion""}"
Usher,DJ Got Us Fallin' in Love (feat. Pitbull),2010-03-30,"{""atl hip hop"",""contemporary r&b"",""dance pop"",pop,r&b,""south carolina hip hop"",""urban contemporary""}"
Disclosure,Latch (feat. Sam Smith),2015-09-04,{}
Fifth Harmony,Work from Home (feat. Ty Dolla $ign),2016-05-27,"{""dance pop"",""girl group"",pop,""post-teen pop"",""talent show""}"
Avicii,Wake Me Up,2013-01-01,"{""dance pop"",edm,pop,""pop dance"",""pop rap""}"
OneRepublic,Good Life,2009-01-01,"{""piano rock"",pop}"
Khalid,Young Dumb & Broke,2017-04-27,"{pop,""pop r&b""}"
Bruno Mars,24K Magic,2016-11-17,"{""dance pop"",pop}"
Lorde,Royals,2013-09-27,"{""art pop"",metropopolis,""nz pop"",pop}"
Pitbull,"Give Me Everything (feat. Ne-Yo, Afrojack & Nayer)",2011-06-17,"{""dance pop"",""miami hip hop"",pop,""pop rap""}"
Clean Bandit,Rather Be (feat. Jess Glynne),2014-01-17,"{""dance pop"",edm,pop,""pop dance"",""post-teen pop"",""tropical house"",""uk dance"",""uk funky""}"
Portugal. The Man,Feel It Still,2017-06-16,"{""modern rock"",rock}"
Drake,The Motto (Bonus Track) [feat. Lil Wayne],2011-11-15,"{""canadian hip hop"",""canadian pop"",""hip hop"",rap,""toronto rap""}"
Kesha,TiK ToK,2010-01-01,"{""dance pop"",pop,""post-teen pop""}"
Lizzo,Truth Hurts,2019-04-19,"{""escape room"",""minnesota hip hop"",pop,""trap queen""}"
Icona Pop,I Love It (feat. Charli XCX),2013-08-27,"{""candy pop"",""dance pop"",edm,electropop,metropopolis,pop,""swedish electropop"",""swedish synthpop""}"
Fun.,We Are Young (feat. Janelle Monáe),2012-02-21,"{""baroque pop"",metropopolis,""modern rock"",""pop rock""}"
Rihanna,We Found Love (feat. Calvin Harris),2011-09-22,{}
Demi Lovato,Cool for the Summer,2015-01-01,"{""dance pop"",pop,""post-teen pop""}"
Jason Derulo,Want to Want Me,2015-05-29,"{""dance pop"",edm,pop,""pop rap"",""post-teen pop""}"
Nicki Minaj,Starships,2011-01-01,"{""dance pop"",""hip pop"",pop,""queens hip hop"",rap}"
Ariana Grande,Problem (feat. Iggy Azalea),2019-02-01,{}
Bastille,Pompeii,2013-01-01,"{metropopolis,""modern rock"",pop,""pop rock""}"
Shawn Mendes,Treat You Better,2017-04-20,"{""canadian pop"",""dance pop"",pop,""viral pop""}"
Calvin Harris & Rihanna,This Is What You Came For,2016-10-12,{}
Ed Sheeran,Shape of You,2017-03-03,"{pop,""uk pop""}"
WALK THE MOON,Shut Up and Dance,2014-12-02,"{""dance rock"",""indie poptimism"",""modern alternative rock"",""modern rock"",""pop rock"",rock}"
Nicki Minaj,Super Bass,2010-11-22,"{""dance pop"",""hip pop"",pop,""queens hip hop"",rap}"
twenty one pilots,Stressed Out,2015-05-15,"{""modern rock"",rock}"
Ellie Goulding,Lights (Single Version),2010,"{""dance pop"",edm,electropop,indietronica,metropopolis,pop,""post-teen pop"",""uk pop""}"
Iggy Azalea,Fancy (feat. Charli XCX),2014-03-10,{karaoke}
Justin Bieber,What Do You Mean?,2015-11-13,"{""canadian pop"",pop}"
The Chainsmokers & Coldplay,Something Just Like This,2017-02-22,"{""dance pop"",edm,electropop,pop,""pop dance"",""tropical house""}"
Gotye,Somebody That I Used to Know (feat. Kimbra) [feat. Kimbra],2012-01-01,"{""australian pop""}"
Panic! At the Disco,High Hopes,2018-06-22,"{""modern rock""}"
Luis Fonsi & Daddy Yankee,Despacito (feat. Justin Bieber) [Remix],2017-04-17,"{""latin pop"",""puerto rican pop""}"
Tove Lo,Habits (Stay High),2014-01-01,"{""dance pop"",electropop,metropopolis,pop,""swedish electropop"",""swedish pop"",""swedish synthpop""}"
The Weeknd,Starboy (feat. Daft Punk),2017-01-27,{}
Camila Cabello,Havana (feat. Young Thug),2018-01-12,"{""dance pop"",pop,""post-teen pop""}"
Carly Rae Jepsen,Call Me Maybe,2012-01-01,"{""canadian pop"",""dance pop"",pop,""post-teen pop""}"
Mark Ronson,Uptown Funk (feat. Bruno Mars),2015-01-12,"{""dance pop"",pop}"
Charli XCX,Boom Clap,2014-12-15,"{""art pop"",""candy pop"",""dance pop"",electropop,metropopolis,pop,""post-teen pop"",""uk pop""}"
Omi,Cheerleader (Felix Jaehn Remix) [Radio Edit],2015-10-16,"{""dance pop""}"
Dua Lipa,New Rules,2017-06-02,"{""dance pop"",pop,""uk pop""}"
Jonas Brothers,Sucker,2019-06-07,"{""boy band"",""dance pop"",pop,""post-teen pop""}"
Flo Rida,GDFR (feat. Sage the Gemini & Lookas),2015-04-07,"{""dance pop"",edm,""miami hip hop"",pop,""pop rap""}"
Ariana Grande,"thank u, next",2019-02-08,"{""dance pop"",pop}"
"Cardi B, Bad Bunny & J Balvin",I Like It,2022-05-06,{}
Taylor Swift,We Are Never Ever Getting Back Together,2021-11-12,{pop}
Khalid,Talk,2019-04-05,"{pop,""pop r&b""}"
Macklemore & Ryan Lewis,Thrift Shop (feat. Wanz),2012-10-09,"{""pop rap"",""seattle hip hop""}"
Ariana Grande,Into You,2016-05-20,"{""dance pop"",pop}"
DJ Khaled,Wild Thoughts (feat. Rihanna & Bryson Tiller),2017-06-22,"{""hip hop"",""miami hip hop"",""pop rap"",rap,""southern hip hop"",trap}"
Billie Eilish,bad guy,2019-03-29,"{""art pop"",electropop,pop}"
"Zedd, Maren Morris & Grey",The Middle,2018-01-23,"{complextro,""dance pop"",edm,""electro house"",""german techno"",pop,""pop dance"",""pop rap"",""post-teen pop"",""tropical house""}"
Justin Timberlake,CAN'T STOP THE FEELING!,2016-09-23,"{""deep classic garage rock"",""kleine hoerspiel""}"
Kelly Clarkson,Stronger (What Doesn't Kill You),2011-10-24,"{""dance pop"",pop,""post-teen pop"",""talent show""}"
Jason Derulo,Talk Dirty (feat. 2 Chainz),2013-09-10,"{""dance pop"",edm,pop,""pop rap"",""post-teen pop""}"
American Authors,Best Day of My Life (Acoustic),2021-03-12,{}
"Jack Ü, Skrillex & Diplo",Where Are Ü Now (with Justin Bieber) [feat. Justin Bieber],2015-02-24,"{""dance pop"",edm,""electro house"",""pop dance""}"
Lana Del Rey & Cedric Gervais,Summertime Sadness (Lana Del Rey vs. Cedric Gervais) [Cedric Gervais Remix],2021-07-06,{}
Drake,In My Feelings,2018-06-29,"{""canadian hip hop"",""canadian pop"",""hip hop"",rap,""toronto rap""}"
Maroon 5,Girls Like You (feat. Cardi B),2018-06-15,{pop}
LMFAO,Party Rock Anthem (feat. Lauren Bennett & GoonRock),2011-05-05,{fake}
"DJ Snake, Selena Gomez & Ozuna",Taki Taki (feat. Cardi B),2019-07-25,"{""dance pop"",edm,""electronic trap"",pop,""pop dance"",""pop rap""}"
X Ambassadors,Renegades,2015-06-30,"{""modern alternative rock"",""modern rock"",pop,""pop rap"",""pop rock"",rock,""stomp pop""}"
Pitbull,Fireball (feat. John Ryan),2014-11-21,"{""dance pop"",""miami hip hop"",pop,""pop rap""}"
J Balvin & Willy William,Mi Gente (feat. Beyoncé),2017-11-17,{}
David Guetta,Titanium (feat. Sia),2011-08-24,"{""big room"",""dance pop"",edm,pop,""pop dance""}"
Imagine Dragons,Thunder,2017-06-23,"{""modern rock"",rock}"
Britney Spears,Till the World Ends,2011-03-28,"{""dance pop"",pop}"
Lady Gaga,Born This Way,2011-01-01,"{""art pop"",""dance pop"",pop}"
Katy Perry,Roar,2013-01-01,"{""dance pop"",pop}"
Pharrell Williams,"Happy (From ""Despicable Me 2"")",2014-03-03,"{""hip hop"",pop,""pop rap""}"
Daft Punk,Get Lucky (feat. Pharrell Williams & Nile Rodgers),2013-06-26,"{electro,""filter house""}"
Lil Nas X,Old Town Road (feat. Billy Ray Cyrus) [Remix],2019-08-02,{}
Troye Sivan,YOUTH,2015-12-04,"{""australian pop"",""dance pop"",pop,""viral pop""}"
Drake,"Hold On, We're Going Home (feat. Majid Jordan)",2013-10-02,{}
Beyoncé,Love On Top,2011-06-24,"{""dance pop"",pop,r&b}"
Florida Georgia Line,Cruise,2012-01-01,"{""contemporary country"",country,""country pop"",""country road"",""modern country rock""}"
Taylor Swift,Shake It Off,2014-10-27,{pop}
DJ Snake & Lil Jon,Turn Down for What,2014-05-19,"{""dance pop"",edm,""electronic trap"",pop,""pop dance"",""pop rap""}"
PSY,Gangnam Style,2012-01-01,"{k-pop,k-rap,""korean old school hip hop""}"
One Direction,Save You Tonight,2012-05-25,"{""boy band"",pop,""post-teen pop"",""talent show""}"
Kenny Chesney,You and Tequila (feat. Grace Potter),2010-09-28,"{""contemporary country"",country,""country road""}"